1,Dawson Bryce,Sanchez,dawsonbryce.sanchez,dawsonbryce.sanchez@cit.edu,123456
2,Leamor,Garcia,leamor.garcia,leamor.garcia@cit.edu,123456
3,Jeanne,Regalado,jeanne.regalado,jeanne.regalado@cit.edu,123456
4,Zarina,Zaragoza,zarina.zaragoza,zarina.zaragoza@cit.edu,123456
5,Diane Isabelle,Lambojo,dianeisabelle.lambojo,dianeisabelle.lambojo@cit.edu,123456
